time_min,inflow_m3s,inflow_step_m3,cumulative_inflow_m3,mass_balance_error_pct
0.0,0.0,0.0,0.0,0.0
1.0,0.0,0.0,0.0,0.0
2.0,0.01,0.6,0.6,0.0
3.0,0.03,1.8,2.4,0.0
4.0,0.07,4.2,6.6,0.0
5.0,0.15,9.0,15.6,0.0
6.0,0.26,15.6,31.2,0.0
7.0,0.44,26.4,57.6,0.0
8.0,0.73,43.8,101.4,0.0
9.0,1.31,78.6,180.0,0.0
10.0,2.22,133.2,313.2,0.0
11.0,3.57,214.2,527.4,0.0
12.0,5.49,329.4,856.8,0.0
13.0,8.17,490.2,1347.0,0.0
14.0,11.8,708.0,2055.0,0.0
15.0,16.6,996.0,3051.0,0.0
16.0,22.83,1369.8,4420.8,0.0
17.0,30.79,1847.4,6268.2,0.0
18.0,40.8,2448.0,8716.2,0.0
19.0,53.22,3193.2,11909.4,0.0
20.0,68.45,4107.0,16016.4,0.0
21.0,86.91,5214.6,21231.0,0.0
22.0,109.09,6545.4,27776.4,0.0
23.0,135.47,8128.2,35904.6,0.0
24.0,166.62,9997.2,45901.8,0.0
25.0,203.1,12186.0,58087.8,0.0
26.0,245.52,14731.2,72819.0,0.0
27.0,294.55,17673.0,90492.0,0.0
28.0,350.86,21051.6,111543.6,0.0
29.0,415.16,24909.6,136453.2,0.0
30.0,488.21,29292.6,165745.8,0.0
31.0,570.78,34246.8,199992.6,0.0
32.0,663.67,39820.2,239812.8,0.0
33.0,767.72,46063.2,285876.0,0.0
34.0,883.78,53026.8,338902.8,0.0
35.0,1012.72,60763.2,399666.0,0.0
36.0,1155.44,69326.4,468992.4,0.0
37.0,1312.84,78770.4,547762.8,0.0
38.0,1485.84,89150.4,636913.2,0.0
39.0,1675.37,100522.2,737435.4,0.0
40.0,1882.37,112942.2,850377.6,0.0
41.0,2107.76,126465.6,976843.2,0.0
42.0,2352.49,141149.4,1117992.6,0.0
43.0,2617.47,157048.2,1275040.8,0.0
44.0,2903.64,174218.4,1449259.2,0.0
45.0,3211.89,192713.4,1641972.6,0.0
46.0,3543.12,212587.2,1854559.8,0.0
47.0,3898.18,233890.8,2088450.6,0.0
48.0,4277.93,256675.8,2345126.4,0.0
49.0,4683.16,280989.6,2626116.0,0.0
50.0,5114.66,306879.6,2932995.6,0.0
51.0,5573.16,334389.6,3267385.2,0.0
52.0,6059.36,363561.6,3630946.8,0.0
53.0,6573.91,394434.6,4025381.4,0.0
54.0,7117.41,427044.6,4452426.0,0.0
55.0,7690.39,461423.4,4913849.4,0.0
56.0,8293.36,497601.6,5411451.0,0.0
57.0,8926.72,535603.2,5947054.2,0.0
58.0,9590.84,575450.4,6522504.6,0.0
59.0,10286.02,617161.2,7139665.8,0.0
60.0,11012.45,660747.0,7800412.8,0.0
61.0,11770.29,706217.4,8506630.2,0.0
62.0,12559.61,753576.6,9260206.8,0.0
63.0,13380.37,802822.2,10063029.0,0.0
64.0,14232.49,853949.4,10916978.4,0.0
65.0,15115.78,906946.8,11823925.2,0.0
66.0,16029.96,961797.6,12785722.8,0.0
67.0,16974.68,1018480.8,13804203.6,0.0
68.0,17949.48,1076968.8,14881172.4,0.0
69.0,18953.82,1137229.2,16018401.6,0.0
70.0,19987.06,1199223.6,17217625.2,0.0
71.0,21048.49,1262909.4,18480534.6,0.0
72.0,22137.28,1328236.8,19808771.4,0.0
73.0,23252.52,1395151.2,21203922.6,0.0
74.0,24393.22,1463593.2,22667515.8,0.0
75.0,25558.27,1533496.2,24201012.0,0.0
76.0,26746.5,1604790.0,25805802.0,0.0
77.0,27956.64,1677398.4,27483200.4,0.0
78.0,29187.33,1751239.8,29234440.2,0.0
79.0,30437.14,1826228.4,31060668.6,0.0
80.0,31704.55,1902273.0,32962941.6,0.0
81.0,32987.95,1979277.0,34942218.6,0.0
82.0,34285.67,2057140.2,36999358.8,0.0
83.0,35595.98,2135758.8,39135117.6,0.0
84.0,36917.05,2215023.0,41350140.6,0.0
85.0,38247.01,2294820.6,43644961.2,0.0
86.0,39583.92,2375035.2,46019996.4,0.0
87.0,40925.79,2455547.4,48475543.8,0.0
88.0,42270.57,2536234.2,51011778.0,0.0
89.0,43616.19,2616971.4,53628749.4,0.0
90.0,44960.5,2697630.0,56326379.4,0.0
91.0,46301.35,2778081.0,59104460.4,0.0
92.0,47636.53,2858191.8,61962652.2,0.0
93.0,48963.84,2937830.4,64900482.6,0.0
94.0,50281.03,3016861.8,67917344.4,0.0
95.0,51585.86,3095151.6,71012496.0,0.0
96.0,52876.06,3172563.6,74185059.6,0.0
97.0,54149.39,3248963.4,77434023.0,0.0
98.0,55403.58,3324214.8,80758237.8,0.0
99.0,56636.41,3398184.6,84156422.4,0.0
100.0,57845.65,3470739.0,87627161.4,0.0
101.0,59029.1,3541746.0,91168907.4,0.0
102.0,60184.59,3611075.4,94779982.8,0.0
103.0,61309.99,3678599.4,98458582.2,0.0
104.0,62403.21,3744192.6,102202774.8,0.0
105.0,63462.2,3807732.0,106010506.8,0.0
106.0,64484.98,3869098.8,109879605.6,0.0
107.0,65469.6,3928176.0,113807781.6,0.0
108.0,66414.2,3984852.0,117792633.6,0.0
109.0,67316.98,4039018.8,121831652.4,0.0
110.0,68176.21,4090572.6,125922225.0,0.0
111.0,68990.25,4139415.0,130061640.0,0.0
112.0,69757.52,4185451.2,134247091.2,0.0
113.0,70476.54,4228592.4,138475683.6,0.0
114.0,71145.94,4268756.4,142744440.0,0.0
115.0,71764.42,4305865.2,147050305.2,0.0
116.0,72330.78,4339846.8,151390152.0,0.0
117.0,72843.93,4370635.8,155760787.8,0.0
118.0,73302.89,4398173.4,160158961.2,0.0
119.0,73706.76,4422405.6,164581366.8,0.0
120.0,74054.79,4443287.4,169024654.2,0.0
121.0,74346.31,4460778.6,173485432.8,0.0
122.0,74580.77,4474846.2,177960279.0,0.0
123.0,74757.73,4485463.8,182445742.8,0.0
124.0,74876.88,4492612.8,186938355.6,0.0
125.0,74938.02,4496281.2,191434636.8,0.0
126.0,74941.04,4496462.4,195931099.2,0.0
127.0,74886.0,4493160.0,200424259.2,0.0
128.0,74773.01,4486380.6,204910639.8,0.0
129.0,74602.35,4476141.0,209386780.8,0.0
130.0,74403.34,4464200.4,213850981.2,0.0
131.0,74205.1,4452306.0,218303287.2,0.0
132.0,74007.62,4440457.2,222743744.4,0.0
133.0,73810.91,4428654.6,227172399.0,0.0
134.0,73614.95,4416897.0,231589296.0,0.0
135.0,73419.75,4405185.0,235994481.0,0.0
136.0,73225.29,4393517.4,240387998.4,0.0
137.0,73031.58,4381894.8,244769893.2,0.0
138.0,72838.61,4370316.6,249140209.8,0.0
139.0,72646.38,4358782.8,253498992.6,0.0
140.0,72454.89,4347293.4,257846286.0,0.0
141.0,72264.13,4335847.8,262182133.8,0.0
142.0,72074.09,4324445.4,266506579.2,0.0
143.0,71884.78,4313086.8,270819666.0,0.0
144.0,71696.18,4301770.8,275121436.8,0.0
145.0,71508.3,4290498.0,279411934.8,0.0
146.0,71321.14,4279268.4,283691203.2,0.0
147.0,71134.68,4268080.8,287959284.0,0.0
148.0,70948.93,4256935.8,292216219.8,0.0
149.0,70763.88,4245832.8,296462052.6,0.0
150.0,70579.53,4234771.8,300696824.4,0.0
151.0,70395.87,4223752.2,304920576.6,0.0
152.0,70212.91,4212774.6,309133351.2,0.0
153.0,70030.63,4201837.8,313335189.0,0.0
154.0,69849.04,4190942.4,317526131.4,0.0
155.0,69668.12,4180087.2,321706218.6,0.0
156.0,69487.89,4169273.4,325875492.0,0.0
157.0,69308.33,4158499.8,330033991.8,0.0
158.0,69129.44,4147766.4,334181758.2,0.0
159.0,68951.22,4137073.2,338318831.4,0.0
160.0,68773.66,4126419.6,342445251.0,0.0
161.0,68596.76,4115805.6,346561056.6,0.0
162.0,68420.52,4105231.2,350666287.8,0.0
163.0,68244.93,4094695.8,354760983.6,0.0
164.0,68070.0,4084200.0,358845183.6,0.0
165.0,67895.71,4073742.6,362918926.2,0.0
166.0,67722.07,4063324.2,366982250.4,0.0
167.0,67549.07,4052944.2,371035194.6,0.0
168.0,67376.71,4042602.6,375077797.2,0.0
169.0,67204.98,4032298.8,379110096.0,0.0
170.0,67033.89,4022033.4,383132129.4,0.0
171.0,66863.42,4011805.2,387143934.6,0.0
172.0,66693.58,4001614.8,391145549.4,0.0
173.0,66524.37,3991462.2,395137011.6,0.0
174.0,66355.77,3981346.2,399118357.8,0.0
175.0,66187.79,3971267.4,403089625.2,0.0
176.0,66020.42,3961225.2,407050850.4,0.0
177.0,65853.67,3951220.2,411002070.6,0.0
178.0,65687.52,3941251.2,414943321.8,0.0
179.0,65521.98,3931318.8,418874640.6,0.0
180.0,65357.04,3921422.4,422796063.0,0.0
181.0,65192.7,3911562.0,426707625.0,0.0
182.0,65028.95,3901737.0,430609362.0,0.0
183.0,64865.8,3891948.0,434501310.0,0.0
184.0,64703.24,3882194.4,438383504.4,0.0
185.0,64541.27,3872476.2,442255980.6,0.0
186.0,64379.88,3862792.8,446118773.4,0.0
187.0,64219.08,3853144.8,449971918.2,0.0
188.0,468.06,28083.6,450000001.8,0.0
189.0,0.0,0.0,450000001.8,0.0
190.0,0.0,0.0,450000001.8,0.0
191.0,0.0,0.0,450000001.8,0.0
192.0,0.0,0.0,450000001.8,0.0
193.0,0.0,0.0,450000001.8,0.0
194.0,0.0,0.0,450000001.8,0.0
195.0,0.0,0.0,450000001.8,0.0
196.0,0.0,0.0,450000001.8,0.0
197.0,0.0,0.0,450000001.8,0.0
198.0,0.0,0.0,450000001.8,0.0
199.0,0.0,0.0,450000001.8,0.0
200.0,0.0,0.0,450000001.8,0.0
201.0,0.0,0.0,450000001.8,0.0
202.0,0.0,0.0,450000001.8,0.0
203.0,0.0,0.0,450000001.8,0.0
204.0,0.0,0.0,450000001.8,0.0
205.0,0.0,0.0,450000001.8,0.0
206.0,0.0,0.0,450000001.8,0.0
207.0,0.0,0.0,450000001.8,0.0
208.0,0.0,0.0,450000001.8,0.0
209.0,0.0,0.0,450000001.8,0.0
210.0,0.0,0.0,450000001.8,0.0
211.0,0.0,0.0,450000001.8,0.0
212.0,0.0,0.0,450000001.8,0.0
213.0,0.0,0.0,450000001.8,0.0
214.0,0.0,0.0,450000001.8,0.0
215.0,0.0,0.0,450000001.8,0.0
216.0,0.0,0.0,450000001.8,0.0
217.0,0.0,0.0,450000001.8,0.0
218.0,0.0,0.0,450000001.8,0.0
219.0,0.0,0.0,450000001.8,0.0
220.0,0.0,0.0,450000001.8,0.0
221.0,0.0,0.0,450000001.8,0.0
222.0,0.0,0.0,450000001.8,0.0
223.0,0.0,0.0,450000001.8,0.0
224.0,0.0,0.0,450000001.8,0.0
225.0,0.0,0.0,450000001.8,0.0
226.0,0.0,0.0,450000001.8,0.0
227.0,0.0,0.0,450000001.8,0.0
228.0,0.0,0.0,450000001.8,0.0
229.0,0.0,0.0,450000001.8,0.0
230.0,0.0,0.0,450000001.8,0.0
231.0,0.0,0.0,450000001.8,0.0
232.0,0.0,0.0,450000001.8,0.0
233.0,0.0,0.0,450000001.8,0.0
234.0,0.0,0.0,450000001.8,0.0
235.0,0.0,0.0,450000001.8,0.0
236.0,0.0,0.0,450000001.8,0.0
237.0,0.0,0.0,450000001.8,0.0
238.0,0.0,0.0,450000001.8,0.0
239.0,0.0,0.0,450000001.8,0.0
240.0,0.0,0.0,450000001.8,0.0
241.0,0.0,0.0,450000001.8,0.0
242.0,0.0,0.0,450000001.8,0.0
243.0,0.0,0.0,450000001.8,0.0
244.0,0.0,0.0,450000001.8,0.0
245.0,0.0,0.0,450000001.8,0.0
246.0,0.0,0.0,450000001.8,0.0
247.0,0.0,0.0,450000001.8,0.0
248.0,0.0,0.0,450000001.8,0.0
249.0,0.0,0.0,450000001.8,0.0
250.0,0.0,0.0,450000001.8,0.0
251.0,0.0,0.0,450000001.8,0.0
252.0,0.0,0.0,450000001.8,0.0
253.0,0.0,0.0,450000001.8,0.0
254.0,0.0,0.0,450000001.8,0.0
255.0,0.0,0.0,450000001.8,0.0
256.0,0.0,0.0,450000001.8,0.0
257.0,0.0,0.0,450000001.8,0.0
258.0,0.0,0.0,450000001.8,0.0
259.0,0.0,0.0,450000001.8,0.0
260.0,0.0,0.0,450000001.8,0.0
261.0,0.0,0.0,450000001.8,0.0
262.0,0.0,0.0,450000001.8,0.0
263.0,0.0,0.0,450000001.8,0.0
264.0,0.0,0.0,450000001.8,0.0
265.0,0.0,0.0,450000001.8,0.0
266.0,0.0,0.0,450000001.8,0.0
267.0,0.0,0.0,450000001.8,0.0
268.0,0.0,0.0,450000001.8,0.0
269.0,0.0,0.0,450000001.8,0.0
270.0,0.0,0.0,450000001.8,0.0
271.0,0.0,0.0,450000001.8,0.0
272.0,0.0,0.0,450000001.8,0.0
273.0,0.0,0.0,450000001.8,0.0
274.0,0.0,0.0,450000001.8,0.0
275.0,0.0,0.0,450000001.8,0.0
276.0,0.0,0.0,450000001.8,0.0
277.0,0.0,0.0,450000001.8,0.0
278.0,0.0,0.0,450000001.8,0.0
279.0,0.0,0.0,450000001.8,0.0
280.0,0.0,0.0,450000001.8,0.0
281.0,0.0,0.0,450000001.8,0.0
282.0,0.0,0.0,450000001.8,0.0
283.0,0.0,0.0,450000001.8,0.0
284.0,0.0,0.0,450000001.8,0.0
285.0,0.0,0.0,450000001.8,0.0
286.0,0.0,0.0,450000001.8,0.0
287.0,0.0,0.0,450000001.8,0.0
288.0,0.0,0.0,450000001.8,0.0
289.0,0.0,0.0,450000001.8,0.0
290.0,0.0,0.0,450000001.8,0.0
291.0,0.0,0.0,450000001.8,0.0
292.0,0.0,0.0,450000001.8,0.0
293.0,0.0,0.0,450000001.8,0.0
294.0,0.0,0.0,450000001.8,0.0
295.0,0.0,0.0,450000001.8,0.0
296.0,0.0,0.0,450000001.8,0.0
297.0,0.0,0.0,450000001.8,0.0
298.0,0.0,0.0,450000001.8,0.0
299.0,0.0,0.0,450000001.8,0.0
300.0,0.0,0.0,450000001.8,0.0
301.0,0.0,0.0,450000001.8,0.0
302.0,0.0,0.0,450000001.8,0.0
303.0,0.0,0.0,450000001.8,0.0
304.0,0.0,0.0,450000001.8,0.0
305.0,0.0,0.0,450000001.8,0.0
306.0,0.0,0.0,450000001.8,0.0
307.0,0.0,0.0,450000001.8,0.0
308.0,0.0,0.0,450000001.8,0.0
309.0,0.0,0.0,450000001.8,0.0
310.0,0.0,0.0,450000001.8,0.0
311.0,0.0,0.0,450000001.8,0.0
312.0,0.0,0.0,450000001.8,0.0
313.0,0.0,0.0,450000001.8,0.0
314.0,0.0,0.0,450000001.8,0.0
315.0,0.0,0.0,450000001.8,0.0
316.0,0.0,0.0,450000001.8,0.0
317.0,0.0,0.0,450000001.8,0.0
318.0,0.0,0.0,450000001.8,0.0
319.0,0.0,0.0,450000001.8,0.0
320.0,0.0,0.0,450000001.8,0.0
321.0,0.0,0.0,450000001.8,0.0
322.0,0.0,0.0,450000001.8,0.0
323.0,0.0,0.0,450000001.8,0.0
324.0,0.0,0.0,450000001.8,0.0
325.0,0.0,0.0,450000001.8,0.0
326.0,0.0,0.0,450000001.8,0.0
327.0,0.0,0.0,450000001.8,0.0
328.0,0.0,0.0,450000001.8,0.0
329.0,0.0,0.0,450000001.8,0.0
330.0,0.0,0.0,450000001.8,0.0
331.0,0.0,0.0,450000001.8,0.0
332.0,0.0,0.0,450000001.8,0.0
333.0,0.0,0.0,450000001.8,0.0
334.0,0.0,0.0,450000001.8,0.0
335.0,0.0,0.0,450000001.8,0.0
336.0,0.0,0.0,450000001.8,0.0
337.0,0.0,0.0,450000001.8,0.0
338.0,0.0,0.0,450000001.8,0.0
339.0,0.0,0.0,450000001.8,0.0
340.0,0.0,0.0,450000001.8,0.0
341.0,0.0,0.0,450000001.8,0.0
342.0,0.0,0.0,450000001.8,0.0
343.0,0.0,0.0,450000001.8,0.0
344.0,0.0,0.0,450000001.8,0.0
345.0,0.0,0.0,450000001.8,0.0
346.0,0.0,0.0,450000001.8,0.0
347.0,0.0,0.0,450000001.8,0.0
348.0,0.0,0.0,450000001.8,0.0
349.0,0.0,0.0,450000001.8,0.0
350.0,0.0,0.0,450000001.8,0.0
351.0,0.0,0.0,450000001.8,0.0
352.0,0.0,0.0,450000001.8,0.0
353.0,0.0,0.0,450000001.8,0.0
354.0,0.0,0.0,450000001.8,0.0
355.0,0.0,0.0,450000001.8,0.0
356.0,0.0,0.0,450000001.8,0.0
357.0,0.0,0.0,450000001.8,0.0
358.0,0.0,0.0,450000001.8,0.0
359.0,0.0,0.0,450000001.8,0.0
360.0,0.0,0.0,450000001.8,0.0
