time_min,dt_s,c_wave_ms,v_max_ms,cfl_number
0.0,60.0,42.22,1.5,91.3345
1.0,60.0,42.22,1.5,91.335
2.0,60.0,42.22,1.5,91.3415
3.0,60.0,42.22,1.53,91.3872
4.0,60.0,42.22,1.6,91.5529
5.0,60.0,42.22,1.81,91.9873
6.0,60.0,42.22,2.26,92.9181
7.0,60.0,42.22,3.09,94.6552
8.0,60.0,42.22,4.49,97.585
9.0,60.0,42.22,6.68,102.1546
10.0,60.0,42.22,9.88,108.8471
11.0,60.0,42.22,14.34,118.1493
12.0,60.0,42.22,20.25,130.5131
13.0,60.0,42.22,27.82,146.314
14.0,60.0,42.22,37.15,165.8103
15.0,60.0,42.22,48.3,189.1053
16.0,60.0,42.22,61.23,216.1167
17.0,60.0,42.22,75.8,246.557
18.0,60.0,42.22,91.78,279.926
19.0,60.0,42.22,108.81,315.5176
20.0,60.0,42.22,126.49,352.442
21.0,60.0,42.22,144.3,389.6608
22.0,60.0,42.22,161.72,426.0343
23.0,60.0,42.22,178.16,460.3772
24.0,60.0,42.22,192.16,489.6333
25.0,60.0,42.22,192.16,489.6333
26.0,60.0,42.22,192.16,489.6333
27.0,60.0,42.22,192.16,489.6333
28.0,60.0,42.22,17.03,123.7737
29.0,60.0,42.22,1.5,91.3345
30.0,60.0,42.22,1.5,91.3345
31.0,60.0,42.22,1.5,91.3345
32.0,60.0,42.22,1.5,91.3345
33.0,60.0,42.22,1.5,91.3345
34.0,60.0,42.22,1.5,91.3345
35.0,60.0,42.22,1.5,91.3345
36.0,60.0,42.22,1.5,91.3345
37.0,60.0,42.22,1.5,91.3345
38.0,60.0,42.22,1.5,91.3345
39.0,60.0,42.22,1.5,91.3345
40.0,60.0,42.22,1.5,91.3345
41.0,60.0,42.22,1.5,91.3345
42.0,60.0,42.22,1.5,91.3345
43.0,60.0,42.22,1.5,91.3345
44.0,60.0,42.22,1.5,91.3345
45.0,60.0,42.22,1.5,91.3345
46.0,60.0,42.22,1.5,91.3345
47.0,60.0,42.22,1.5,91.3345
48.0,60.0,42.22,1.5,91.3345
49.0,60.0,42.22,1.5,91.3345
50.0,60.0,42.22,1.5,91.3345
51.0,60.0,42.22,1.5,91.3345
52.0,60.0,42.22,1.5,91.3345
53.0,60.0,42.22,1.5,91.3345
54.0,60.0,42.22,1.5,91.3345
55.0,60.0,42.22,1.5,91.3345
56.0,60.0,42.22,1.5,91.3345
57.0,60.0,42.22,1.5,91.3345
58.0,60.0,42.22,1.5,91.3345
59.0,60.0,42.22,1.5,91.3345
60.0,60.0,42.22,1.5,91.3345
61.0,60.0,42.22,1.5,91.3345
62.0,60.0,42.22,1.5,91.3345
63.0,60.0,42.22,1.5,91.3345
64.0,60.0,42.22,1.5,91.3345
65.0,60.0,42.22,1.5,91.3345
66.0,60.0,42.22,1.5,91.3345
67.0,60.0,42.22,1.5,91.3345
68.0,60.0,42.22,1.5,91.3345
69.0,60.0,42.22,1.5,91.3345
70.0,60.0,42.22,1.5,91.3345
71.0,60.0,42.22,1.5,91.3345
72.0,60.0,42.22,1.5,91.3345
73.0,60.0,42.22,1.5,91.3345
74.0,60.0,42.22,1.5,91.3345
75.0,60.0,42.22,1.5,91.3345
76.0,60.0,42.22,1.5,91.3345
77.0,60.0,42.22,1.5,91.3345
78.0,60.0,42.22,1.5,91.3345
79.0,60.0,42.22,1.5,91.3345
80.0,60.0,42.22,1.5,91.3345
81.0,60.0,42.22,1.5,91.3345
82.0,60.0,42.22,1.5,91.3345
83.0,60.0,42.22,1.5,91.3345
84.0,60.0,42.22,1.5,91.3345
85.0,60.0,42.22,1.5,91.3345
86.0,60.0,42.22,1.5,91.3345
87.0,60.0,42.22,1.5,91.3345
88.0,60.0,42.22,1.5,91.3345
89.0,60.0,42.22,1.5,91.3345
90.0,60.0,42.22,1.5,91.3345
91.0,60.0,42.22,1.5,91.3345
92.0,60.0,42.22,1.5,91.3345
93.0,60.0,42.22,1.5,91.3345
94.0,60.0,42.22,1.5,91.3345
95.0,60.0,42.22,1.5,91.3345
96.0,60.0,42.22,1.5,91.3345
97.0,60.0,42.22,1.5,91.3345
98.0,60.0,42.22,1.5,91.3345
99.0,60.0,42.22,1.5,91.3345
100.0,60.0,42.22,1.5,91.3345
101.0,60.0,42.22,1.5,91.3345
102.0,60.0,42.22,1.5,91.3345
103.0,60.0,42.22,1.5,91.3345
104.0,60.0,42.22,1.5,91.3345
105.0,60.0,42.22,1.5,91.3345
106.0,60.0,42.22,1.5,91.3345
107.0,60.0,42.22,1.5,91.3345
108.0,60.0,42.22,1.5,91.3345
109.0,60.0,42.22,1.5,91.3345
110.0,60.0,42.22,1.5,91.3345
111.0,60.0,42.22,1.5,91.3345
112.0,60.0,42.22,1.5,91.3345
113.0,60.0,42.22,1.5,91.3345
114.0,60.0,42.22,1.5,91.3345
115.0,60.0,42.22,1.5,91.3345
116.0,60.0,42.22,1.5,91.3345
117.0,60.0,42.22,1.5,91.3345
118.0,60.0,42.22,1.5,91.3345
119.0,60.0,42.22,1.5,91.3345
120.0,60.0,42.22,1.5,91.3345
121.0,60.0,42.22,1.5,91.3345
122.0,60.0,42.22,1.5,91.3345
123.0,60.0,42.22,1.5,91.3345
124.0,60.0,42.22,1.5,91.3345
125.0,60.0,42.22,1.5,91.3345
126.0,60.0,42.22,1.5,91.3345
127.0,60.0,42.22,1.5,91.3345
128.0,60.0,42.22,1.5,91.3345
129.0,60.0,42.22,1.5,91.3345
130.0,60.0,42.22,1.5,91.3345
131.0,60.0,42.22,1.5,91.3345
132.0,60.0,42.22,1.5,91.3345
133.0,60.0,42.22,1.5,91.3345
134.0,60.0,42.22,1.5,91.3345
135.0,60.0,42.22,1.5,91.3345
136.0,60.0,42.22,1.5,91.3345
137.0,60.0,42.22,1.5,91.3345
138.0,60.0,42.22,1.5,91.3345
139.0,60.0,42.22,1.5,91.3345
140.0,60.0,42.22,1.5,91.3345
141.0,60.0,42.22,1.5,91.3345
142.0,60.0,42.22,1.5,91.3345
143.0,60.0,42.22,1.5,91.3345
144.0,60.0,42.22,1.5,91.3345
145.0,60.0,42.22,1.5,91.3345
146.0,60.0,42.22,1.5,91.3345
147.0,60.0,42.22,1.5,91.3345
148.0,60.0,42.22,1.5,91.3345
149.0,60.0,42.22,1.5,91.3345
150.0,60.0,42.22,1.5,91.3345
151.0,60.0,42.22,1.5,91.3345
152.0,60.0,42.22,1.5,91.3345
153.0,60.0,42.22,1.5,91.3345
154.0,60.0,42.22,1.5,91.3345
155.0,60.0,42.22,1.5,91.3345
156.0,60.0,42.22,1.5,91.3345
157.0,60.0,42.22,1.5,91.3345
158.0,60.0,42.22,1.5,91.3345
159.0,60.0,42.22,1.5,91.3345
160.0,60.0,42.22,1.5,91.3345
161.0,60.0,42.22,1.5,91.3345
162.0,60.0,42.22,1.5,91.3345
163.0,60.0,42.22,1.5,91.3345
164.0,60.0,42.22,1.5,91.3345
165.0,60.0,42.22,1.5,91.3345
166.0,60.0,42.22,1.5,91.3345
167.0,60.0,42.22,1.5,91.3345
168.0,60.0,42.22,1.5,91.3345
169.0,60.0,42.22,1.5,91.3345
170.0,60.0,42.22,1.5,91.3345
171.0,60.0,42.22,1.5,91.3345
172.0,60.0,42.22,1.5,91.3345
173.0,60.0,42.22,1.5,91.3345
174.0,60.0,42.22,1.5,91.3345
175.0,60.0,42.22,1.5,91.3345
176.0,60.0,42.22,1.5,91.3345
177.0,60.0,42.22,1.5,91.3345
178.0,60.0,42.22,1.5,91.3345
179.0,60.0,42.22,1.5,91.3345
180.0,60.0,42.22,1.5,91.3345
181.0,60.0,42.22,1.5,91.3345
182.0,60.0,42.22,1.5,91.3345
183.0,60.0,42.22,1.5,91.3345
184.0,60.0,42.22,1.5,91.3345
185.0,60.0,42.22,1.5,91.3345
186.0,60.0,42.22,1.5,91.3345
187.0,60.0,42.22,1.5,91.3345
188.0,60.0,42.22,1.5,91.3345
189.0,60.0,42.22,1.5,91.3345
190.0,60.0,42.22,1.5,91.3345
191.0,60.0,42.22,1.5,91.3345
192.0,60.0,42.22,1.5,91.3345
193.0,60.0,42.22,1.5,91.3345
194.0,60.0,42.22,1.5,91.3345
195.0,60.0,42.22,1.5,91.3345
196.0,60.0,42.22,1.5,91.3345
197.0,60.0,42.22,1.5,91.3345
198.0,60.0,42.22,1.5,91.3345
199.0,60.0,42.22,1.5,91.3345
200.0,60.0,42.22,1.5,91.3345
201.0,60.0,42.22,1.5,91.3345
202.0,60.0,42.22,1.5,91.3345
203.0,60.0,42.22,1.5,91.3345
204.0,60.0,42.22,1.5,91.3345
205.0,60.0,42.22,1.5,91.3345
206.0,60.0,42.22,1.5,91.3345
207.0,60.0,42.22,1.5,91.3345
208.0,60.0,42.22,1.5,91.3345
209.0,60.0,42.22,1.5,91.3345
210.0,60.0,42.22,1.5,91.3345
211.0,60.0,42.22,1.5,91.3345
212.0,60.0,42.22,1.5,91.3345
213.0,60.0,42.22,1.5,91.3345
214.0,60.0,42.22,1.5,91.3345
215.0,60.0,42.22,1.5,91.3345
216.0,60.0,42.22,1.5,91.3345
217.0,60.0,42.22,1.5,91.3345
218.0,60.0,42.22,1.5,91.3345
219.0,60.0,42.22,1.5,91.3345
220.0,60.0,42.22,1.5,91.3345
221.0,60.0,42.22,1.5,91.3345
222.0,60.0,42.22,1.5,91.3345
223.0,60.0,42.22,1.5,91.3345
224.0,60.0,42.22,1.5,91.3345
225.0,60.0,42.22,1.5,91.3345
226.0,60.0,42.22,1.5,91.3345
227.0,60.0,42.22,1.5,91.3345
228.0,60.0,42.22,1.5,91.3345
229.0,60.0,42.22,1.5,91.3345
230.0,60.0,42.22,1.5,91.3345
231.0,60.0,42.22,1.5,91.3345
232.0,60.0,42.22,1.5,91.3345
233.0,60.0,42.22,1.5,91.3345
234.0,60.0,42.22,1.5,91.3345
235.0,60.0,42.22,1.5,91.3345
236.0,60.0,42.22,1.5,91.3345
237.0,60.0,42.22,1.5,91.3345
238.0,60.0,42.22,1.5,91.3345
239.0,60.0,42.22,1.5,91.3345
240.0,60.0,42.22,1.5,91.3345
