time_sec,time_min,time_hr,discharge_m3s,stage_m_msl,head_above_invert_m,reservoir_volume_m3
0.0,0.0,0.0,0.0,732.43,0.0,450000000.0
60.0,1.0,0.017,0.0,732.43,0.007,450000000.0
120.0,2.0,0.033,0.01,732.43,0.03,449999999.9
180.0,3.0,0.05,0.03,732.43,0.067,449999999.4
240.0,4.0,0.067,0.07,732.43,0.119,449999997.6
300.0,5.0,0.083,0.15,732.43,0.185,449999993.2
360.0,6.0,0.1,0.26,732.43,0.266,449999984.3
420.0,7.0,0.117,0.44,732.43,0.362,449999968.4
480.0,8.0,0.133,0.73,732.43,0.473,449999942.2
540.0,9.0,0.15,1.31,732.43,0.598,449999898.4
600.0,10.0,0.167,2.22,732.43,0.738,449999819.5
660.0,11.0,0.183,3.57,732.43,0.892,449999686.3
720.0,12.0,0.2,5.49,732.43,1.06,449999472.3
780.0,13.0,0.217,8.17,732.43,1.242,449999142.6
840.0,14.0,0.233,11.8,732.43,1.439,449998652.2
900.0,15.0,0.25,16.6,732.43,1.65,449997944.3
960.0,16.0,0.267,22.83,732.43,1.874,449996948.2
1020.0,17.0,0.283,30.79,732.43,2.112,449995578.1
1080.0,18.0,0.3,40.8,732.43,2.364,449993730.5
1140.0,19.0,0.317,53.22,732.43,2.629,449991282.4
1200.0,20.0,0.333,68.45,732.43,2.907,449988089.1
1260.0,21.0,0.35,86.91,732.43,3.198,449983982.2
1320.0,22.0,0.367,109.09,732.43,3.503,449978767.4
1380.0,23.0,0.383,135.47,732.43,3.82,449972222.1
1440.0,24.0,0.4,166.62,732.429,4.149,449964093.6
1500.0,25.0,0.417,203.1,732.429,4.491,449954096.5
1560.0,26.0,0.433,245.52,732.429,4.845,449941910.7
1620.0,27.0,0.45,294.55,732.429,5.211,449927179.3
1680.0,28.0,0.467,350.86,732.428,5.589,449909506.3
1740.0,29.0,0.483,415.16,732.428,5.978,449888455.0
1800.0,30.0,0.5,488.21,732.428,6.378,449863545.5
1860.0,31.0,0.517,570.78,732.427,6.79,449834253.1
1920.0,32.0,0.533,663.67,732.427,7.212,449800006.5
1980.0,33.0,0.55,767.72,732.426,7.644,449760186.3
2040.0,34.0,0.567,883.78,732.425,8.087,449714123.0
2100.0,35.0,0.583,1012.72,732.424,8.539,449661096.2
2160.0,36.0,0.6,1155.44,732.423,9.002,449600332.9
2220.0,37.0,0.617,1312.84,732.422,9.473,449531006.6
2280.0,38.0,0.633,1485.84,732.421,9.954,449452236.3
2340.0,39.0,0.65,1675.37,732.419,10.443,449363086.0
2400.0,40.0,0.667,1882.37,732.418,10.941,449262563.7
2460.0,41.0,0.683,2107.76,732.416,11.447,449149621.8
2520.0,42.0,0.7,2352.49,732.414,11.96,449023156.3
2580.0,43.0,0.717,2617.47,732.411,12.481,448882007.1
2640.0,44.0,0.733,2903.64,732.409,13.01,448724958.7
2700.0,45.0,0.75,3211.89,732.406,13.545,448550740.2
2760.0,46.0,0.767,3543.12,732.403,14.086,448358026.6
2820.0,47.0,0.783,3898.18,732.399,14.634,448145439.5
2880.0,48.0,0.8,4277.93,732.395,15.188,447911548.5
2940.0,49.0,0.817,4683.16,732.391,15.746,447654873.0
3000.0,50.0,0.833,5114.66,732.386,16.31,447373883.5
3060.0,51.0,0.85,5573.16,732.381,16.879,447067004.2
3120.0,52.0,0.867,6059.36,732.376,17.452,446732614.7
3180.0,53.0,0.883,6573.91,732.369,18.029,446369053.1
3240.0,54.0,0.9,7117.41,732.363,18.61,445974618.6
3300.0,55.0,0.917,7690.39,732.356,19.193,445547574.3
3360.0,56.0,0.933,8293.36,732.348,19.78,445086150.8
3420.0,57.0,0.95,8926.72,732.34,20.369,444588549.4
3480.0,58.0,0.967,9590.84,732.331,20.96,444052946.1
3540.0,59.0,0.983,10286.02,732.321,21.553,443477495.5
3600.0,60.0,1.0,11012.45,732.311,22.147,442860334.6
3660.0,61.0,1.017,11770.29,732.3,22.742,442199587.5
3720.0,62.0,1.033,12559.61,732.288,23.337,441493369.9
3780.0,63.0,1.05,13380.37,732.276,23.933,440739793.5
3840.0,64.0,1.067,14232.49,732.262,24.528,439936971.2
3900.0,65.0,1.083,15115.78,732.248,25.122,439083021.7
3960.0,66.0,1.1,16029.96,732.233,25.716,438176075.0
4020.0,67.0,1.117,16974.68,732.217,26.308,437214277.4
4080.0,68.0,1.133,17949.48,732.2,26.898,436195796.9
4140.0,69.0,1.15,18953.82,732.182,27.486,435118828.3
4200.0,70.0,1.167,19987.06,732.163,28.072,433981599.4
4260.0,71.0,1.183,21048.49,732.143,28.654,432782375.7
4320.0,72.0,1.2,22137.28,732.122,29.233,431519466.3
4380.0,73.0,1.217,23252.52,732.1,29.808,430191229.5
4440.0,74.0,1.233,24393.22,732.077,30.379,428796078.1
4500.0,75.0,1.25,25558.27,732.052,30.946,427332485.1
4560.0,76.0,1.267,26746.5,732.027,31.507,425798988.9
4620.0,77.0,1.283,27956.64,732.0,32.063,424194198.8
4680.0,78.0,1.3,29187.33,731.972,32.614,422516800.4
4740.0,79.0,1.317,30437.14,731.943,33.159,420765560.4
4800.0,80.0,1.333,31704.55,731.912,33.697,418939331.9
4860.0,81.0,1.35,32987.95,731.881,34.228,417037059.2
4920.0,82.0,1.367,34285.67,731.848,34.753,415057782.4
4980.0,83.0,1.383,35595.98,731.813,35.27,413000642.1
5040.0,84.0,1.4,36917.05,731.778,35.779,410864883.5
5100.0,85.0,1.417,38247.01,731.741,36.28,408649860.8
5160.0,86.0,1.433,39583.92,731.703,36.773,406355040.4
5220.0,87.0,1.45,40925.79,731.663,37.257,403980005.5
5280.0,88.0,1.467,42270.57,731.622,37.731,401524458.2
5340.0,89.0,1.483,43616.19,731.58,38.197,398988223.8
5400.0,90.0,1.5,44960.5,731.536,38.653,396371252.5
5460.0,91.0,1.517,46301.35,731.491,39.098,393673622.5
5520.0,92.0,1.533,47636.53,731.445,39.534,390895541.7
5580.0,93.0,1.55,48963.84,731.397,39.959,388037349.7
5640.0,94.0,1.567,50281.03,731.348,40.373,385099519.4
5700.0,95.0,1.583,51585.86,731.298,40.776,382082657.6
5760.0,96.0,1.6,52876.06,731.246,41.168,378987506.2
5820.0,97.0,1.617,54149.39,731.194,41.549,375814942.7
5880.0,98.0,1.633,55403.58,731.139,41.917,372565979.5
5940.0,99.0,1.65,56636.41,731.084,42.273,369241764.6
6000.0,100.0,1.667,57845.65,731.027,42.617,365843579.9
6060.0,101.0,1.683,59029.1,730.97,42.949,362372841.0
6120.0,102.0,1.7,60184.59,730.911,43.268,358831095.1
6180.0,103.0,1.717,61309.99,730.85,43.574,355220019.7
6240.0,104.0,1.733,62403.21,730.789,43.867,351541420.2
6300.0,105.0,1.75,63462.2,730.727,44.147,347797227.6
6360.0,106.0,1.767,64484.98,730.663,44.413,343989495.5
6420.0,107.0,1.783,65469.6,730.599,44.665,340120396.9
6480.0,108.0,1.8,66414.2,730.533,44.904,336192220.9
6540.0,109.0,1.817,67316.98,730.467,45.13,332207368.8
6600.0,110.0,1.833,68176.21,730.399,45.341,328168349.9
6660.0,111.0,1.85,68990.25,730.331,45.538,324077777.1
6720.0,112.0,1.867,69757.52,730.262,45.72,319938362.4
6780.0,113.0,1.883,70476.54,730.193,45.889,315752911.4
6840.0,114.0,1.9,71145.94,730.122,46.042,311524318.8
6900.0,115.0,1.917,71764.42,730.051,46.182,307255562.3
6960.0,116.0,1.933,72330.78,729.979,46.307,302949697.2
7020.0,117.0,1.95,72843.93,729.907,46.417,298609850.4
7080.0,118.0,1.967,73302.89,729.834,46.512,294239214.5
7140.0,119.0,1.983,73706.76,729.761,46.593,289841041.3
7200.0,120.0,2.0,74054.79,729.687,46.659,285418635.5
7260.0,121.0,2.017,74346.31,729.613,46.71,280975348.0
7320.0,122.0,2.033,74580.77,729.539,46.746,276514569.4
7380.0,123.0,2.05,74757.73,729.464,46.768,272039723.5
7440.0,124.0,2.067,74876.88,729.389,46.774,267554259.7
7500.0,125.0,2.083,74938.02,729.314,46.766,263061646.8
7560.0,126.0,2.1,74941.04,729.239,46.743,258565365.9
7620.0,127.0,2.117,74886.0,729.164,46.705,254068903.3
7680.0,128.0,2.133,74773.01,729.09,46.652,249575743.5
7740.0,129.0,2.15,74602.35,729.015,46.585,245089362.7
7800.0,130.0,2.167,74403.34,728.94,46.51,240613221.5
7860.0,131.0,2.183,74205.1,728.866,46.436,236149021.0
7920.0,132.0,2.2,74007.62,728.792,46.362,231696715.0
7980.0,133.0,2.217,73810.91,728.718,46.288,227256257.6
8040.0,134.0,2.233,73614.95,728.644,46.214,222827603.1
8100.0,135.0,2.25,73419.75,728.57,46.14,218410706.1
8160.0,136.0,2.267,73225.29,728.497,46.067,214005521.4
8220.0,137.0,2.283,73031.58,728.424,45.994,209612004.0
8280.0,138.0,2.3,72838.61,728.351,45.921,205230109.2
8340.0,139.0,2.317,72646.38,728.278,45.848,200859792.4
8400.0,140.0,2.333,72454.89,728.205,45.775,196501009.3
8460.0,141.0,2.35,72264.13,728.133,45.703,192153715.9
8520.0,142.0,2.367,72074.09,728.06,45.63,187817868.3
8580.0,143.0,2.383,71884.78,727.988,45.558,183493423.0
8640.0,144.0,2.4,71696.18,727.916,45.486,179180336.4
8700.0,145.0,2.417,71508.3,727.845,45.415,174878565.5
8760.0,146.0,2.433,71321.14,727.773,45.343,170588067.3
8820.0,147.0,2.45,71134.68,727.702,45.272,166308798.9
8880.0,148.0,2.467,70948.93,727.631,45.201,162040718.0
8940.0,149.0,2.483,70763.88,727.56,45.13,157783782.1
9000.0,150.0,2.5,70579.53,727.489,45.059,153537949.3
9060.0,151.0,2.517,70395.87,727.418,44.988,149303177.5
9120.0,152.0,2.533,70212.91,727.348,44.918,145079425.1
9180.0,153.0,2.55,70030.63,727.278,44.848,140866650.6
9240.0,154.0,2.567,69849.04,727.208,44.778,136664812.8
9300.0,155.0,2.583,69668.12,727.138,44.708,132473870.6
9360.0,156.0,2.6,69487.89,727.068,44.638,128293783.1
9420.0,157.0,2.617,69308.33,726.999,44.569,124124509.7
9480.0,158.0,2.633,69129.44,726.929,44.499,119966010.0
9540.0,159.0,2.65,68951.22,726.86,44.43,115818243.7
9600.0,160.0,2.667,68773.66,726.791,44.361,111681170.8
9660.0,161.0,2.683,68596.76,726.723,44.293,107554751.4
9720.0,162.0,2.7,68420.52,726.654,44.224,103438945.8
9780.0,163.0,2.717,68244.93,726.586,44.156,99333714.6
9840.0,164.0,2.733,68070.0,726.517,44.087,95239018.6
9900.0,165.0,2.75,67895.71,726.449,44.019,91154818.6
9960.0,166.0,2.767,67722.07,726.381,43.951,87081075.9
10020.0,167.0,2.783,67549.07,726.314,43.884,83017751.6
10080.0,168.0,2.8,67376.71,726.246,43.816,78964807.4
10140.0,169.0,2.817,67204.98,726.179,43.749,74922204.9
10200.0,170.0,2.833,67033.89,726.111,43.681,70889906.0
10260.0,171.0,2.85,66863.42,726.044,43.614,66867872.8
10320.0,172.0,2.867,66693.58,725.978,43.548,62856067.5
10380.0,173.0,2.883,66524.37,725.911,43.481,58854452.6
10440.0,174.0,2.9,66355.77,725.844,43.414,54862990.7
10500.0,175.0,2.917,66187.79,725.778,43.348,50881644.6
10560.0,176.0,2.933,66020.42,725.712,43.282,46910377.3
10620.0,177.0,2.95,65853.67,725.646,43.216,42949151.9
10680.0,178.0,2.967,65687.52,725.58,43.15,38997931.8
10740.0,179.0,2.983,65521.98,725.514,43.084,35056680.6
10800.0,180.0,3.0,65357.04,725.449,43.019,31125361.8
10860.0,181.0,3.017,65192.7,725.383,42.953,27203939.5
10920.0,182.0,3.033,65028.95,725.318,42.888,23292377.6
10980.0,183.0,3.05,64865.8,725.253,42.823,19390640.3
11040.0,184.0,3.067,64703.24,725.188,42.758,15498692.1
11100.0,185.0,3.083,64541.27,725.124,42.694,11616497.6
11160.0,186.0,3.1,64379.88,725.059,42.629,7744021.4
11220.0,187.0,3.117,64219.08,724.995,42.565,3881228.5
11280.0,188.0,3.133,468.06,724.93,42.5,28083.9
11340.0,189.0,3.15,0.0,724.93,42.5,0.0
11400.0,190.0,3.167,0.0,724.93,42.5,0.0
11460.0,191.0,3.183,0.0,724.93,42.5,0.0
11520.0,192.0,3.2,0.0,724.93,42.5,0.0
11580.0,193.0,3.217,0.0,724.93,42.5,0.0
11640.0,194.0,3.233,0.0,724.93,42.5,0.0
11700.0,195.0,3.25,0.0,724.93,42.5,0.0
11760.0,196.0,3.267,0.0,724.93,42.5,0.0
11820.0,197.0,3.283,0.0,724.93,42.5,0.0
11880.0,198.0,3.3,0.0,724.93,42.5,0.0
11940.0,199.0,3.317,0.0,724.93,42.5,0.0
12000.0,200.0,3.333,0.0,724.93,42.5,0.0
12060.0,201.0,3.35,0.0,724.93,42.5,0.0
12120.0,202.0,3.367,0.0,724.93,42.5,0.0
12180.0,203.0,3.383,0.0,724.93,42.5,0.0
12240.0,204.0,3.4,0.0,724.93,42.5,0.0
12300.0,205.0,3.417,0.0,724.93,42.5,0.0
12360.0,206.0,3.433,0.0,724.93,42.5,0.0
12420.0,207.0,3.45,0.0,724.93,42.5,0.0
12480.0,208.0,3.467,0.0,724.93,42.5,0.0
12540.0,209.0,3.483,0.0,724.93,42.5,0.0
12600.0,210.0,3.5,0.0,724.93,42.5,0.0
12660.0,211.0,3.517,0.0,724.93,42.5,0.0
12720.0,212.0,3.533,0.0,724.93,42.5,0.0
12780.0,213.0,3.55,0.0,724.93,42.5,0.0
12840.0,214.0,3.567,0.0,724.93,42.5,0.0
12900.0,215.0,3.583,0.0,724.93,42.5,0.0
12960.0,216.0,3.6,0.0,724.93,42.5,0.0
13020.0,217.0,3.617,0.0,724.93,42.5,0.0
13080.0,218.0,3.633,0.0,724.93,42.5,0.0
13140.0,219.0,3.65,0.0,724.93,42.5,0.0
13200.0,220.0,3.667,0.0,724.93,42.5,0.0
13260.0,221.0,3.683,0.0,724.93,42.5,0.0
13320.0,222.0,3.7,0.0,724.93,42.5,0.0
13380.0,223.0,3.717,0.0,724.93,42.5,0.0
13440.0,224.0,3.733,0.0,724.93,42.5,0.0
13500.0,225.0,3.75,0.0,724.93,42.5,0.0
13560.0,226.0,3.767,0.0,724.93,42.5,0.0
13620.0,227.0,3.783,0.0,724.93,42.5,0.0
13680.0,228.0,3.8,0.0,724.93,42.5,0.0
13740.0,229.0,3.817,0.0,724.93,42.5,0.0
13800.0,230.0,3.833,0.0,724.93,42.5,0.0
13860.0,231.0,3.85,0.0,724.93,42.5,0.0
13920.0,232.0,3.867,0.0,724.93,42.5,0.0
13980.0,233.0,3.883,0.0,724.93,42.5,0.0
14040.0,234.0,3.9,0.0,724.93,42.5,0.0
14100.0,235.0,3.917,0.0,724.93,42.5,0.0
14160.0,236.0,3.933,0.0,724.93,42.5,0.0
14220.0,237.0,3.95,0.0,724.93,42.5,0.0
14280.0,238.0,3.967,0.0,724.93,42.5,0.0
14340.0,239.0,3.983,0.0,724.93,42.5,0.0
14400.0,240.0,4.0,0.0,724.93,42.5,0.0
14460.0,241.0,4.017,0.0,724.93,42.5,0.0
14520.0,242.0,4.033,0.0,724.93,42.5,0.0
14580.0,243.0,4.05,0.0,724.93,42.5,0.0
14640.0,244.0,4.067,0.0,724.93,42.5,0.0
14700.0,245.0,4.083,0.0,724.93,42.5,0.0
14760.0,246.0,4.1,0.0,724.93,42.5,0.0
14820.0,247.0,4.117,0.0,724.93,42.5,0.0
14880.0,248.0,4.133,0.0,724.93,42.5,0.0
14940.0,249.0,4.15,0.0,724.93,42.5,0.0
15000.0,250.0,4.167,0.0,724.93,42.5,0.0
15060.0,251.0,4.183,0.0,724.93,42.5,0.0
15120.0,252.0,4.2,0.0,724.93,42.5,0.0
15180.0,253.0,4.217,0.0,724.93,42.5,0.0
15240.0,254.0,4.233,0.0,724.93,42.5,0.0
15300.0,255.0,4.25,0.0,724.93,42.5,0.0
15360.0,256.0,4.267,0.0,724.93,42.5,0.0
15420.0,257.0,4.283,0.0,724.93,42.5,0.0
15480.0,258.0,4.3,0.0,724.93,42.5,0.0
15540.0,259.0,4.317,0.0,724.93,42.5,0.0
15600.0,260.0,4.333,0.0,724.93,42.5,0.0
15660.0,261.0,4.35,0.0,724.93,42.5,0.0
15720.0,262.0,4.367,0.0,724.93,42.5,0.0
15780.0,263.0,4.383,0.0,724.93,42.5,0.0
15840.0,264.0,4.4,0.0,724.93,42.5,0.0
15900.0,265.0,4.417,0.0,724.93,42.5,0.0
15960.0,266.0,4.433,0.0,724.93,42.5,0.0
16020.0,267.0,4.45,0.0,724.93,42.5,0.0
16080.0,268.0,4.467,0.0,724.93,42.5,0.0
16140.0,269.0,4.483,0.0,724.93,42.5,0.0
16200.0,270.0,4.5,0.0,724.93,42.5,0.0
16260.0,271.0,4.517,0.0,724.93,42.5,0.0
16320.0,272.0,4.533,0.0,724.93,42.5,0.0
16380.0,273.0,4.55,0.0,724.93,42.5,0.0
16440.0,274.0,4.567,0.0,724.93,42.5,0.0
16500.0,275.0,4.583,0.0,724.93,42.5,0.0
16560.0,276.0,4.6,0.0,724.93,42.5,0.0
16620.0,277.0,4.617,0.0,724.93,42.5,0.0
16680.0,278.0,4.633,0.0,724.93,42.5,0.0
16740.0,279.0,4.65,0.0,724.93,42.5,0.0
16800.0,280.0,4.667,0.0,724.93,42.5,0.0
16860.0,281.0,4.683,0.0,724.93,42.5,0.0
16920.0,282.0,4.7,0.0,724.93,42.5,0.0
16980.0,283.0,4.717,0.0,724.93,42.5,0.0
17040.0,284.0,4.733,0.0,724.93,42.5,0.0
17100.0,285.0,4.75,0.0,724.93,42.5,0.0
17160.0,286.0,4.767,0.0,724.93,42.5,0.0
17220.0,287.0,4.783,0.0,724.93,42.5,0.0
17280.0,288.0,4.8,0.0,724.93,42.5,0.0
17340.0,289.0,4.817,0.0,724.93,42.5,0.0
17400.0,290.0,4.833,0.0,724.93,42.5,0.0
17460.0,291.0,4.85,0.0,724.93,42.5,0.0
17520.0,292.0,4.867,0.0,724.93,42.5,0.0
17580.0,293.0,4.883,0.0,724.93,42.5,0.0
17640.0,294.0,4.9,0.0,724.93,42.5,0.0
17700.0,295.0,4.917,0.0,724.93,42.5,0.0
17760.0,296.0,4.933,0.0,724.93,42.5,0.0
17820.0,297.0,4.95,0.0,724.93,42.5,0.0
17880.0,298.0,4.967,0.0,724.93,42.5,0.0
17940.0,299.0,4.983,0.0,724.93,42.5,0.0
18000.0,300.0,5.0,0.0,724.93,42.5,0.0
18060.0,301.0,5.017,0.0,724.93,42.5,0.0
18120.0,302.0,5.033,0.0,724.93,42.5,0.0
18180.0,303.0,5.05,0.0,724.93,42.5,0.0
18240.0,304.0,5.067,0.0,724.93,42.5,0.0
18300.0,305.0,5.083,0.0,724.93,42.5,0.0
18360.0,306.0,5.1,0.0,724.93,42.5,0.0
18420.0,307.0,5.117,0.0,724.93,42.5,0.0
18480.0,308.0,5.133,0.0,724.93,42.5,0.0
18540.0,309.0,5.15,0.0,724.93,42.5,0.0
18600.0,310.0,5.167,0.0,724.93,42.5,0.0
18660.0,311.0,5.183,0.0,724.93,42.5,0.0
18720.0,312.0,5.2,0.0,724.93,42.5,0.0
18780.0,313.0,5.217,0.0,724.93,42.5,0.0
18840.0,314.0,5.233,0.0,724.93,42.5,0.0
18900.0,315.0,5.25,0.0,724.93,42.5,0.0
18960.0,316.0,5.267,0.0,724.93,42.5,0.0
19020.0,317.0,5.283,0.0,724.93,42.5,0.0
19080.0,318.0,5.3,0.0,724.93,42.5,0.0
19140.0,319.0,5.317,0.0,724.93,42.5,0.0
19200.0,320.0,5.333,0.0,724.93,42.5,0.0
19260.0,321.0,5.35,0.0,724.93,42.5,0.0
19320.0,322.0,5.367,0.0,724.93,42.5,0.0
19380.0,323.0,5.383,0.0,724.93,42.5,0.0
19440.0,324.0,5.4,0.0,724.93,42.5,0.0
19500.0,325.0,5.417,0.0,724.93,42.5,0.0
19560.0,326.0,5.433,0.0,724.93,42.5,0.0
19620.0,327.0,5.45,0.0,724.93,42.5,0.0
19680.0,328.0,5.467,0.0,724.93,42.5,0.0
19740.0,329.0,5.483,0.0,724.93,42.5,0.0
19800.0,330.0,5.5,0.0,724.93,42.5,0.0
19860.0,331.0,5.517,0.0,724.93,42.5,0.0
19920.0,332.0,5.533,0.0,724.93,42.5,0.0
19980.0,333.0,5.55,0.0,724.93,42.5,0.0
20040.0,334.0,5.567,0.0,724.93,42.5,0.0
20100.0,335.0,5.583,0.0,724.93,42.5,0.0
20160.0,336.0,5.6,0.0,724.93,42.5,0.0
20220.0,337.0,5.617,0.0,724.93,42.5,0.0
20280.0,338.0,5.633,0.0,724.93,42.5,0.0
20340.0,339.0,5.65,0.0,724.93,42.5,0.0
20400.0,340.0,5.667,0.0,724.93,42.5,0.0
20460.0,341.0,5.683,0.0,724.93,42.5,0.0
20520.0,342.0,5.7,0.0,724.93,42.5,0.0
20580.0,343.0,5.717,0.0,724.93,42.5,0.0
20640.0,344.0,5.733,0.0,724.93,42.5,0.0
20700.0,345.0,5.75,0.0,724.93,42.5,0.0
20760.0,346.0,5.767,0.0,724.93,42.5,0.0
20820.0,347.0,5.783,0.0,724.93,42.5,0.0
20880.0,348.0,5.8,0.0,724.93,42.5,0.0
20940.0,349.0,5.817,0.0,724.93,42.5,0.0
21000.0,350.0,5.833,0.0,724.93,42.5,0.0
21060.0,351.0,5.85,0.0,724.93,42.5,0.0
21120.0,352.0,5.867,0.0,724.93,42.5,0.0
21180.0,353.0,5.883,0.0,724.93,42.5,0.0
21240.0,354.0,5.9,0.0,724.93,42.5,0.0
21300.0,355.0,5.917,0.0,724.93,42.5,0.0
21360.0,356.0,5.933,0.0,724.93,42.5,0.0
21420.0,357.0,5.95,0.0,724.93,42.5,0.0
21480.0,358.0,5.967,0.0,724.93,42.5,0.0
21540.0,359.0,5.983,0.0,724.93,42.5,0.0
21600.0,360.0,6.0,0.0,724.93,42.5,0.0
