time_min,discharge_m3s
0.0,0.0
1.0,0.02
2.0,0.24
3.0,1.82
4.0,7.62
5.0,23.04
6.0,56.69
7.0,120.91
8.0,232.15
9.0,411.08
10.0,682.63
11.0,1075.67
12.0,1622.59
13.0,2358.56
14.0,3320.68
15.0,4546.85
16.0,6074.63
17.0,7939.86
18.0,10175.3
19.0,12809.14
20.0,15863.66
21.0,19353.91
22.0,23286.51
23.0,27658.63
24.0,32457.3
25.0,37658.83
26.0,43228.62
27.0,49121.34
28.0,55281.28
29.0,61643.19
30.0,68133.32
31.0,74670.82
32.0,81169.35
33.0,87538.86
34.0,93687.64
35.0,99524.27
36.0,104959.79
37.0,109909.69
38.0,114295.88
39.0,118048.5
40.0,121107.49
41.0,123423.92
42.0,124961.08
43.0,125695.21
44.0,125615.92
45.0,124726.37
46.0,123444.88
47.0,122182.14
48.0,120937.8
49.0,119711.5
50.0,118502.89
51.0,117311.65
52.0,116137.45
53.0,114979.96
54.0,113838.87
55.0,112713.88
56.0,111604.68
57.0,110510.99
58.0,109432.53
59.0,108369.01
60.0,107320.15
61.0,106285.7
62.0,105265.4
63.0,104259.0
64.0,103266.23
65.0,102286.87
66.0,101320.67
67.0,100367.4
68.0,99426.84
69.0,98498.76
70.0,97582.94
71.0,96679.18
72.0,95787.26
73.0,94906.99
74.0,94038.16
75.0,93180.56
76.0,92334.03
77.0,91498.38
78.0,90673.41
79.0,89858.95
80.0,89054.81
81.0,88260.84
82.0,87476.86
83.0,86702.72
84.0,85938.24
85.0,85183.27
86.0,84437.65
87.0,83701.24
88.0,82973.88
89.0,82255.43
90.0,81545.75
91.0,80844.7
92.0,80152.13
93.0,79467.92
94.0,78791.93
95.0,78124.04
96.0,77464.12
97.0,76812.04
98.0,76167.67
99.0,75530.92
100.0,74901.64
101.0,74279.75
102.0,73665.1
103.0,73057.61
104.0,72457.15
105.0,71863.63
106.0,71276.93
107.0,70696.96
108.0,70123.61
109.0,69556.79
110.0,68996.41
111.0,68442.35
112.0,67894.54
113.0,67352.87
114.0,66817.27
115.0,66287.63
116.0,65763.88
117.0,65245.93
118.0,64733.7
119.0,64227.1
120.0,63726.05
121.0,63230.48
122.0,62740.3
123.0,62255.44
124.0,61775.83
125.0,61301.38
126.0,60832.03
127.0,60367.71
128.0,59908.35
129.0,59453.87
130.0,59004.22
131.0,58559.31
132.0,58119.1
133.0,57683.51
134.0,57252.48
135.0,56825.95
136.0,56403.86
137.0,55986.15
138.0,55572.75
139.0,55163.61
140.0,54758.69
141.0,54357.9
142.0,53961.21
143.0,53568.56
144.0,53179.89
145.0,52795.16
146.0,52414.31
147.0,52037.27
148.0,51664.03
149.0,51294.53
150.0,50928.69
151.0,50566.49
152.0,50207.89
153.0,49852.82
154.0,49501.25
155.0,49153.13
156.0,48808.42
157.0,48467.07
158.0,48129.05
159.0,47794.31
160.0,47462.81
161.0,47134.5
162.0,46809.36
163.0,46487.32
164.0,46168.38
165.0,45852.47
166.0,45539.57
167.0,45229.64
168.0,44922.63
169.0,44618.52
170.0,44317.28
171.0,44018.85
172.0,43723.22
173.0,43430.35
174.0,43140.19
175.0,42852.73
176.0,42567.93
177.0,42285.75
178.0,42006.17
179.0,41729.15
180.0,41454.67
181.0,41182.69
182.0,40913.19
183.0,40646.13
184.0,40381.49
185.0,40119.24
186.0,39859.35
187.0,39601.79
188.0,39346.54
189.0,39093.57
190.0,38842.85
191.0,38594.36
192.0,38348.06
193.0,38103.95
194.0,37861.99
195.0,37622.16
196.0,37384.42
197.0,37148.77
198.0,36915.17
199.0,36683.61
200.0,36454.05
201.0,36226.49
202.0,36000.88
203.0,35777.22
204.0,35555.48
205.0,35335.65
206.0,35117.69
207.0,34901.59
208.0,34687.32
209.0,34474.89
210.0,34264.23
211.0,34055.37
212.0,33848.26
213.0,33642.89
214.0,33439.25
215.0,33237.3
216.0,33037.04
217.0,32838.44
218.0,32641.49
219.0,32446.19
220.0,32252.48
221.0,32060.37
222.0,31869.85
223.0,31680.88
224.0,31493.46
225.0,31307.56
226.0,31123.19
227.0,30940.31
228.0,30758.91
229.0,30578.99
230.0,30400.5
231.0,30223.47
232.0,30047.84
233.0,29873.62
234.0,29700.8
235.0,29529.36
236.0,29359.28
237.0,29190.55
238.0,29023.15
239.0,28857.07
240.0,28692.31
241.0,28528.84
242.0,28366.66
243.0,28205.73
244.0,28046.08
245.0,27887.65
246.0,27730.48
247.0,27574.51
248.0,27419.74
249.0,27266.19
250.0,27113.81
251.0,26962.6
252.0,26812.55
253.0,26663.65
254.0,26515.89
255.0,26369.25
256.0,26223.73
257.0,26079.32
258.0,25936.0
259.0,25793.75
260.0,25652.59
261.0,25512.48
262.0,25373.42
263.0,25235.42
264.0,25098.43
265.0,24962.48
266.0,24827.52
267.0,24693.58
268.0,24560.63
269.0,24428.66
270.0,24297.66
271.0,24167.63
272.0,24038.55
273.0,23910.42
274.0,23783.23
275.0,23656.97
276.0,23531.63
277.0,23407.2
278.0,23283.67
279.0,23161.04
280.0,23039.29
281.0,22918.42
282.0,22798.42
283.0,22679.29
284.0,22561.0
285.0,22443.57
286.0,22326.96
287.0,22211.2
288.0,22096.25
289.0,21982.13
290.0,21868.8
291.0,21756.28
292.0,21644.56
293.0,21533.62
294.0,21423.45
295.0,21314.06
296.0,21205.44
297.0,21097.58
298.0,20990.47
299.0,20884.1
300.0,20778.47
301.0,20673.58
302.0,20569.4
303.0,20465.94
304.0,20363.2
305.0,20261.17
306.0,20159.84
307.0,20059.2
308.0,19959.24
309.0,19859.97
310.0,19761.38
311.0,19663.45
312.0,19566.19
313.0,19469.6
314.0,19373.64
315.0,19278.34
316.0,19183.68
317.0,19089.66
318.0,18996.26
319.0,18903.48
320.0,18811.34
321.0,18719.8
322.0,18628.87
323.0,18538.56
324.0,18448.83
325.0,18359.7
326.0,18271.15
327.0,18183.21
328.0,18095.83
329.0,18009.02
330.0,17922.78
331.0,17837.11
332.0,17752.0
333.0,17667.44
334.0,17583.44
335.0,17499.98
336.0,17417.06
337.0,17334.68
338.0,17252.83
339.0,17171.5
340.0,17090.7
341.0,17010.43
342.0,16930.67
343.0,16851.42
344.0,16772.66
345.0,16694.42
346.0,16616.68
347.0,16539.42
348.0,16462.66
349.0,16386.39
350.0,16310.59
351.0,16235.28
352.0,16160.44
353.0,16086.08
354.0,16012.17
355.0,15938.74
356.0,15865.75
357.0,15793.24
358.0,15721.16
359.0,15649.54
360.0,15578.37
